timestamp,load_kwh
2024-07-01 00:00:00,91.52358539877216
2024-07-01 01:00:00,84.80007946879752
2024-07-01 02:00:00,93.75225597903228
2024-07-01 03:00:00,94.70282358195607
2024-07-01 04:00:00,80.24482405673082
2024-07-01 05:00:00,83.4891024656884
2024-07-01 06:00:00,90.63920201583643
2024-07-01 07:00:00,88.41878703828209
2024-07-01 08:00:00,124.91599421247855
2024-07-01 09:00:00,120.7347803621321
2024-07-01 10:00:00,129.39698987431413
2024-07-01 11:00:00,136.65353103022036
2024-07-01 12:00:00,140.3301534878061
2024-07-01 13:00:00,151.8494094704366
2024-07-01 14:00:00,153.31830882479338
2024-07-01 15:00:00,149.68131247425583
2024-07-01 16:00:00,156.8437539204125
2024-07-01 17:00:00,149.18336178452705
2024-07-01 18:00:00,155.37301362006951
2024-07-01 19:00:00,110.96357388066517
2024-07-01 20:00:00,104.0756881822737
2024-07-01 21:00:00,94.35992363105592
2024-07-01 22:00:00,96.11270669337016
2024-07-01 23:00:00,89.227352589656
2024-07-02 00:00:00,87.85836088918447
2024-07-02 01:00:00,88.23933224755885
2024-07-02 02:00:00,92.66154592776674
2024-07-02 03:00:00,91.82722032182039
2024-07-02 04:00:00,92.06366305797994
2024-07-02 05:00:00,92.15410501503942
2024-07-02 06:00:00,100.70823800435231
2024-07-02 07:00:00,87.96792491807692
2024-07-02 08:00:00,122.43878635464232
2024-07-02 09:00:00,120.93113635876061
2024-07-02 10:00:00,128.0798971128775
2024-07-02 11:00:00,138.40943281668007
2024-07-02 12:00:00,139.43026271172562
2024-07-02 13:00:00,142.0124210507838
2024-07-02 14:00:00,146.85835603507695
2024-07-02 15:00:00,157.23073872779554
2024-07-02 16:00:00,158.71627085601722
2024-07-02 17:00:00,156.693546130198
2024-07-02 18:00:00,147.6532135770897
2024-07-02 19:00:00,112.37401005093002
2024-07-02 20:00:00,105.58342904570364
2024-07-02 21:00:00,98.85801433672069
2024-07-02 22:00:00,94.35714388974095
2024-07-02 23:00:00,91.11797774387341
2024-07-03 00:00:00,93.39456781535948
2024-07-03 01:00:00,90.33789534744446
2024-07-03 02:00:00,91.44559699344993
2024-07-03 03:00:00,93.1564411291927
2024-07-03 04:00:00,82.71422090072167
2024-07-03 05:00:00,88.4016439182135
2024-07-03 06:00:00,87.64813672853602
2024-07-03 07:00:00,86.80561075878329
2024-07-03 08:00:00,123.62428874386659
2024-07-03 09:00:00,132.47470655617198
2024-07-03 10:00:00,120.67084442153379
2024-07-03 11:00:00,137.605963126033
2024-07-03 12:00:00,131.58565114192098
2024-07-03 13:00:00,144.53877828566755
2024-07-03 14:00:00,151.7945274390582
2024-07-03 15:00:00,156.90888644546843
2024-07-03 16:00:00,158.55613289896428
2024-07-03 17:00:00,157.94451096467165
2024-07-03 18:00:00,149.23713675229098
2024-07-03 19:00:00,108.9014444722736
2024-07-03 20:00:00,109.28987940628576
2024-07-03 21:00:00,96.80804972866756
2024-07-03 22:00:00,83.62156838331039
2024-07-03 23:00:00,84.3335639299826
2024-07-04 00:00:00,85.40273856999194
2024-07-04 01:00:00,92.48580372026882
2024-07-04 02:00:00,90.71212868035282
2024-07-04 03:00:00,93.45242677033885
2024-07-04 04:00:00,87.86373676831732
2024-07-04 05:00:00,90.79269845538357
2024-07-04 06:00:00,93.12795196983669
2024-07-04 07:00:00,88.45326730139881
2024-07-04 08:00:00,127.28387618778706
2024-07-04 09:00:00,121.69037029466675
2024-07-04 10:00:00,123.18473076717464
2024-07-04 11:00:00,130.85588188308395
2024-07-04 12:00:00,134.0208017720548
2024-07-04 13:00:00,148.64806583952435
2024-07-04 14:00:00,148.63375041251953
2024-07-04 15:00:00,154.04024538231047
2024-07-04 16:00:00,157.40373329452956
2024-07-04 17:00:00,156.21043066882174
2024-07-04 18:00:00,154.3076876583971
2024-07-04 19:00:00,110.7207760130493
2024-07-04 20:00:00,102.88350843977923
2024-07-04 21:00:00,97.36598029854363
2024-07-04 22:00:00,81.56332783020986
2024-07-04 23:00:00,82.76443763788457
2024-07-05 00:00:00,83.386501938228
2024-07-05 01:00:00,85.0137658619926
2024-07-05 02:00:00,91.99887113361719
2024-07-05 03:00:00,85.4726047231997
2024-07-05 04:00:00,88.10918722980306
2024-07-05 05:00:00,96.49614148893033
2024-07-05 06:00:00,88.21868014469287
2024-07-05 07:00:00,93.68757784233543
2024-07-05 08:00:00,120.33191159995062
2024-07-05 09:00:00,123.97281221066186
2024-07-05 10:00:00,120.24988972544709
2024-07-05 11:00:00,131.0694059735728
2024-07-05 12:00:00,144.20154068728698
2024-07-05 13:00:00,137.57660131963468
2024-07-05 14:00:00,153.15288033126245
2024-07-05 15:00:00,155.16645280033342
2024-07-05 16:00:00,152.02925022151604
2024-07-05 17:00:00,146.74748551672977
2024-07-05 18:00:00,151.3414096521025
2024-07-05 19:00:00,108.56573989027741
2024-07-05 20:00:00,106.16338105677352
2024-07-05 21:00:00,97.87383208069284
2024-07-05 22:00:00,98.00889445660458
2024-07-05 23:00:00,88.80322186263489
2024-07-06 00:00:00,63.66188440266801
2024-07-06 01:00:00,68.17228363108617
2024-07-06 02:00:00,68.32498756489412
2024-07-06 03:00:00,72.59695340715164
2024-07-06 04:00:00,70.63166717217968
2024-07-06 05:00:00,68.83826647181066
2024-07-06 06:00:00,72.98738584207335
2024-07-06 07:00:00,63.04213854628931
2024-07-06 08:00:00,91.35093175218844
2024-07-06 09:00:00,90.27534021972929
2024-07-06 10:00:00,92.28821323816587
2024-07-06 11:00:00,94.41085546147056
2024-07-06 12:00:00,107.38181605055402
2024-07-06 13:00:00,108.82656746257692
2024-07-06 14:00:00,107.72004798076489
2024-07-06 15:00:00,111.67490953697575
2024-07-06 16:00:00,117.42567692793824
2024-07-06 17:00:00,118.62630572110795
2024-07-06 18:00:00,120.72331242899408
2024-07-06 19:00:00,94.3368868242248
2024-07-06 20:00:00,80.30403537478499
2024-07-06 21:00:00,69.61266056468723
2024-07-06 22:00:00,59.504826447257585
2024-07-06 23:00:00,68.50391798378939
2024-07-07 00:00:00,64.45147089258627
2024-07-07 01:00:00,65.94241027432619
2024-07-07 02:00:00,65.20463700352572
2024-07-07 03:00:00,66.97203417593855
2024-07-07 04:00:00,71.49742586545366
2024-07-07 05:00:00,68.08893212792003
2024-07-07 06:00:00,66.90511936110492
2024-07-07 07:00:00,63.61629842690321
2024-07-07 08:00:00,87.46993895735866
2024-07-07 09:00:00,91.926345340975
2024-07-07 10:00:00,93.5483154344313
2024-07-07 11:00:00,106.20316569073127
2024-07-07 12:00:00,105.48852945552332
2024-07-07 13:00:00,113.34517574303378
2024-07-07 14:00:00,111.36321309062805
2024-07-07 15:00:00,111.03979196744018
2024-07-07 16:00:00,112.63081214162861
2024-07-07 17:00:00,112.76373334949496
2024-07-07 18:00:00,121.21733308178175
2024-07-07 19:00:00,80.32970252960587
2024-07-07 20:00:00,81.89433451401129
2024-07-07 21:00:00,69.93745159698037
2024-07-07 22:00:00,70.99339879827842
2024-07-07 23:00:00,68.94356612289698
2024-07-08 00:00:00,89.21681051170955
2024-07-08 01:00:00,89.79618736932284
2024-07-08 02:00:00,86.72606152285304
2024-07-08 03:00:00,92.23036100741041
2024-07-08 04:00:00,87.7250825982961
2024-07-08 05:00:00,83.87197118116376
2024-07-08 06:00:00,83.6103121284019
2024-07-08 07:00:00,90.8629395886106
2024-07-08 08:00:00,132.89545628205218
2024-07-08 09:00:00,125.7999580678672
2024-07-08 10:00:00,124.40680836945059
2024-07-08 11:00:00,134.19370205108834
2024-07-08 12:00:00,146.53000870853413
2024-07-08 13:00:00,147.3101159424157
2024-07-08 14:00:00,148.92612595936447
2024-07-08 15:00:00,159.5092183389715
2024-07-08 16:00:00,157.14378219230807
2024-07-08 17:00:00,161.65655474865198
2024-07-08 18:00:00,151.89693429964268
2024-07-08 19:00:00,105.09085827699393
2024-07-08 20:00:00,98.15920400377168
2024-07-08 21:00:00,106.01921101423187
2024-07-08 22:00:00,98.61832860391648
2024-07-08 23:00:00,89.102403933587
2024-07-09 00:00:00,88.08406339432005
2024-07-09 01:00:00,97.30722146121101
2024-07-09 02:00:00,84.46477158978256
2024-07-09 03:00:00,85.52636490522087
2024-07-09 04:00:00,93.21663397344523
2024-07-09 05:00:00,88.02697438570205
2024-07-09 06:00:00,89.97439066639964
2024-07-09 07:00:00,89.18278550737743
2024-07-09 08:00:00,126.68787274399467
2024-07-09 09:00:00,132.03740930656858
2024-07-09 10:00:00,125.45292453450872
2024-07-09 11:00:00,135.9842653194599
2024-07-09 12:00:00,129.74913949484488
2024-07-09 13:00:00,145.96961142594583
2024-07-09 14:00:00,146.7646107620688
2024-07-09 15:00:00,147.8837094865539
2024-07-09 16:00:00,150.60923816535626
2024-07-09 17:00:00,152.30715758516797
2024-07-09 18:00:00,155.56027482531323
2024-07-09 19:00:00,104.58123984689861
2024-07-09 20:00:00,105.15315746297209
2024-07-09 21:00:00,95.34372418640773
2024-07-09 22:00:00,88.3616345281902
2024-07-09 23:00:00,95.01378912652302
2024-07-10 00:00:00,92.69057718501963
2024-07-10 01:00:00,96.68699053721372
2024-07-10 02:00:00,89.2274716037505
2024-07-10 03:00:00,86.52028694164649
2024-07-10 04:00:00,88.8807059155975
2024-07-10 05:00:00,91.21248395635611
2024-07-10 06:00:00,90.88286679226856
2024-07-10 07:00:00,84.57805963883317
2024-07-10 08:00:00,125.45244890813937
2024-07-10 09:00:00,126.14114165069452
2024-07-10 10:00:00,137.5873701876696
2024-07-10 11:00:00,142.14879440948397
2024-07-10 12:00:00,135.7337832472059
2024-07-10 13:00:00,144.77628662785054
2024-07-10 14:00:00,143.66355210434816
2024-07-10 15:00:00,151.0242397188546
2024-07-10 16:00:00,156.5780250179517
2024-07-10 17:00:00,160.0070428931132
2024-07-10 18:00:00,147.3353429248151
2024-07-10 19:00:00,107.94247123525744
2024-07-10 20:00:00,94.26355485130672
2024-07-10 21:00:00,96.95124175035109
2024-07-10 22:00:00,84.68792794070218
2024-07-10 23:00:00,87.35280286316963
2024-07-11 00:00:00,85.61569610916206
2024-07-11 01:00:00,89.52868722873721
2024-07-11 02:00:00,81.21135804321685
2024-07-11 03:00:00,82.66477377304504
2024-07-11 04:00:00,100.64623556014149
2024-07-11 05:00:00,83.56288709362984
2024-07-11 06:00:00,84.5160721077268
2024-07-11 07:00:00,99.18456764160658
2024-07-11 08:00:00,139.52533584620204
2024-07-11 09:00:00,119.14216685587328
2024-07-11 10:00:00,123.15875521605984
2024-07-11 11:00:00,134.47234910777814
2024-07-11 12:00:00,148.64348822202797
2024-07-11 13:00:00,141.27891804345523
2024-07-11 14:00:00,149.7543728838226
2024-07-11 15:00:00,157.86446266898076
2024-07-11 16:00:00,157.1738303723331
2024-07-11 17:00:00,152.09699443252154
2024-07-11 18:00:00,150.31164729095295
2024-07-11 19:00:00,104.33872439374652
2024-07-11 20:00:00,103.80913128012668
2024-07-11 21:00:00,96.43263390303085
2024-07-11 22:00:00,91.16084944813127
2024-07-11 23:00:00,87.22336390590492
2024-07-12 00:00:00,92.3576926127257
2024-07-12 01:00:00,95.06357908909914
2024-07-12 02:00:00,90.77714663834233
2024-07-12 03:00:00,91.75878204199601
2024-07-12 04:00:00,90.26577673788934
2024-07-12 05:00:00,90.00042196545706
2024-07-12 06:00:00,86.39220983228576
2024-07-12 07:00:00,91.58247130836654
2024-07-12 08:00:00,124.51356700793255
2024-07-12 09:00:00,135.46584154465296
2024-07-12 10:00:00,132.86677451237622
2024-07-12 11:00:00,134.69380411585811
2024-07-12 12:00:00,136.18471395152616
2024-07-12 13:00:00,140.65114607567935
2024-07-12 14:00:00,156.9364768789775
2024-07-12 15:00:00,155.29152091440773
2024-07-12 16:00:00,157.40071701695805
2024-07-12 17:00:00,145.25484485380107
2024-07-12 18:00:00,155.61795452132407
2024-07-12 19:00:00,113.48530512666824
2024-07-12 20:00:00,99.4478465779276
2024-07-12 21:00:00,95.40694731582587
2024-07-12 22:00:00,91.3185860217826
2024-07-12 23:00:00,90.26233399178122
2024-07-13 00:00:00,66.40435805323668
2024-07-13 01:00:00,67.11191899475264
2024-07-13 02:00:00,66.55508483172417
2024-07-13 03:00:00,68.07210942038427
2024-07-13 04:00:00,73.01809489872434
2024-07-13 05:00:00,57.875030846507634
2024-07-13 06:00:00,66.61181150808869
2024-07-13 07:00:00,68.16192158014668
2024-07-13 08:00:00,94.85997746132662
2024-07-13 09:00:00,92.35532032004517
2024-07-13 10:00:00,87.16229331570531
2024-07-13 11:00:00,100.80341157873461
2024-07-13 12:00:00,111.4775633031157
2024-07-13 13:00:00,103.9079223082618
2024-07-13 14:00:00,116.47492663651809
2024-07-13 15:00:00,114.25136150479318
2024-07-13 16:00:00,116.02003370314182
2024-07-13 17:00:00,111.53496167636422
2024-07-13 18:00:00,111.98136093881534
2024-07-13 19:00:00,88.28506980681841
2024-07-13 20:00:00,80.9349571574539
2024-07-13 21:00:00,79.819597035094
2024-07-13 22:00:00,71.91529458366635
2024-07-13 23:00:00,69.14657504598591
2024-07-14 00:00:00,74.03975447312922
2024-07-14 01:00:00,69.14622434526862
2024-07-14 02:00:00,70.60495566298897
2024-07-14 03:00:00,66.38785892424484
2024-07-14 04:00:00,67.74954680947202
2024-07-14 05:00:00,64.88466066262396
2024-07-14 06:00:00,71.2109397547307
2024-07-14 07:00:00,63.08136141331926
2024-07-14 08:00:00,96.68381378406625
2024-07-14 09:00:00,93.03505853435566
2024-07-14 10:00:00,98.14217660050245
2024-07-14 11:00:00,102.38918722254893
2024-07-14 12:00:00,111.82742309117552
2024-07-14 13:00:00,112.40030766846724
2024-07-14 14:00:00,107.34042062645022
2024-07-14 15:00:00,115.23225669313578
2024-07-14 16:00:00,111.85497302776943
2024-07-14 17:00:00,113.53978168263049
2024-07-14 18:00:00,118.90267820993758
2024-07-14 19:00:00,85.80065436756368
2024-07-14 20:00:00,76.12901089282971
2024-07-14 21:00:00,69.52198839065522
2024-07-14 22:00:00,67.62293284828598
2024-07-14 23:00:00,62.937899439820775
2024-07-15 00:00:00,86.6442986130171
2024-07-15 01:00:00,91.56004735775622
2024-07-15 02:00:00,95.77656018053348
2024-07-15 03:00:00,93.0438073611222
2024-07-15 04:00:00,78.5435524570095
2024-07-15 05:00:00,91.5218336451513
2024-07-15 06:00:00,90.3601678661629
2024-07-15 07:00:00,92.06945142686347
2024-07-15 08:00:00,133.08104840825604
2024-07-15 09:00:00,114.68380861597629
2024-07-15 10:00:00,122.04448287404448
2024-07-15 11:00:00,135.71910296704237
2024-07-15 12:00:00,132.09202800273027
2024-07-15 13:00:00,153.59294867586397
2024-07-15 14:00:00,152.82254517703646
2024-07-15 15:00:00,158.21069471788906
2024-07-15 16:00:00,152.14528169239102
2024-07-15 17:00:00,158.04659323850308
2024-07-15 18:00:00,156.32311989347835
2024-07-15 19:00:00,112.37759353628226
2024-07-15 20:00:00,106.17200446349348
2024-07-15 21:00:00,99.11628754948426
2024-07-15 22:00:00,85.68327367630309
2024-07-15 23:00:00,89.26235659879823
2024-07-16 00:00:00,89.23738733773821
2024-07-16 01:00:00,91.91696932176748
2024-07-16 02:00:00,94.99912123455147
2024-07-16 03:00:00,84.70731959010796
2024-07-16 04:00:00,89.37495484840211
2024-07-16 05:00:00,97.40727773829487
2024-07-16 06:00:00,86.28205885593718
2024-07-16 07:00:00,85.8887499135484
2024-07-16 08:00:00,126.01153095915596
2024-07-16 09:00:00,129.2219259524266
2024-07-16 10:00:00,125.0571302778033
2024-07-16 11:00:00,139.40937430526054
2024-07-16 12:00:00,144.28396991283265
2024-07-16 13:00:00,150.42230377004674
2024-07-16 14:00:00,153.75134462015362
2024-07-16 15:00:00,165.61604029040245
2024-07-16 16:00:00,153.9741915556698
2024-07-16 17:00:00,143.96016332833946
2024-07-16 18:00:00,159.00203392111888
2024-07-16 19:00:00,108.9247062808123
2024-07-16 20:00:00,105.53940222171516
2024-07-16 21:00:00,104.31232477737827
2024-07-16 22:00:00,81.98870229470538
2024-07-16 23:00:00,83.7417639294693
2024-07-17 00:00:00,81.99361031440573
2024-07-17 01:00:00,86.02931854987288
2024-07-17 02:00:00,92.19818303008496
2024-07-17 03:00:00,92.62093921406385
2024-07-17 04:00:00,91.38137089664276
2024-07-17 05:00:00,82.93617058053817
2024-07-17 06:00:00,78.44948281683678
2024-07-17 07:00:00,90.27176792695191
2024-07-17 08:00:00,122.64111983180833
2024-07-17 09:00:00,127.29692885858306
2024-07-17 10:00:00,128.50976813110634
2024-07-17 11:00:00,133.455778513369
2024-07-17 12:00:00,143.80066542687928
2024-07-17 13:00:00,147.35926030617176
2024-07-17 14:00:00,153.6310856415405
2024-07-17 15:00:00,150.45440847432263
2024-07-17 16:00:00,154.1019429308427
2024-07-17 17:00:00,154.96165527195683
2024-07-17 18:00:00,155.08340449062027
2024-07-17 19:00:00,109.24449757447357
2024-07-17 20:00:00,107.60583627866056
2024-07-17 21:00:00,96.43537739349873
2024-07-17 22:00:00,89.41228916335935
2024-07-17 23:00:00,94.14759521012036
2024-07-18 00:00:00,80.03469814472922
2024-07-18 01:00:00,83.51763835962619
2024-07-18 02:00:00,82.58907301278589
2024-07-18 03:00:00,78.33191940075848
2024-07-18 04:00:00,86.60867779922411
2024-07-18 05:00:00,93.7471694986387
2024-07-18 06:00:00,88.57557966808713
2024-07-18 07:00:00,90.98895040970926
2024-07-18 08:00:00,130.44608748355395
2024-07-18 09:00:00,131.63843066133845
2024-07-18 10:00:00,124.6543103263693
2024-07-18 11:00:00,139.5325008009226
2024-07-18 12:00:00,140.46063329217054
2024-07-18 13:00:00,142.02621231645912
2024-07-18 14:00:00,148.0087603525395
2024-07-18 15:00:00,146.57509222584696
2024-07-18 16:00:00,150.55933073133173
2024-07-18 17:00:00,152.1876913482999
2024-07-18 18:00:00,154.99868721042617
2024-07-18 19:00:00,119.81705259142635
2024-07-18 20:00:00,98.0890924231148
2024-07-18 21:00:00,99.72870869437521
2024-07-18 22:00:00,84.79728030421232
2024-07-18 23:00:00,92.37348544231601
2024-07-19 00:00:00,89.34456674656137
2024-07-19 01:00:00,80.84547087076234
2024-07-19 02:00:00,94.64148495784242
2024-07-19 03:00:00,86.97499643595634
2024-07-19 04:00:00,87.33049880813223
2024-07-19 05:00:00,84.65123794355155
2024-07-19 06:00:00,86.72858361656222
2024-07-19 07:00:00,92.13945220347459
2024-07-19 08:00:00,124.05377829531797
2024-07-19 09:00:00,126.64331001141241
2024-07-19 10:00:00,126.80960926964421
2024-07-19 11:00:00,139.36787963071646
2024-07-19 12:00:00,138.2860692456781
2024-07-19 13:00:00,138.82891435136776
2024-07-19 14:00:00,156.3168741963931
2024-07-19 15:00:00,152.32033392818576
2024-07-19 16:00:00,160.57296222288687
2024-07-19 17:00:00,155.89466035458437
2024-07-19 18:00:00,150.32507446251643
2024-07-19 19:00:00,112.9570829058279
2024-07-19 20:00:00,114.75506280063149
2024-07-19 21:00:00,108.14947399834439
2024-07-19 22:00:00,90.34690567566389
2024-07-19 23:00:00,90.80095296658537
2024-07-20 00:00:00,71.53590059049894
2024-07-20 01:00:00,64.32877112712245
2024-07-20 02:00:00,68.74901389731846
2024-07-20 03:00:00,67.40301432017304
2024-07-20 04:00:00,68.67715579296582
2024-07-20 05:00:00,64.37486697768973
2024-07-20 06:00:00,61.539121900091374
2024-07-20 07:00:00,59.726312115032655
2024-07-20 08:00:00,89.55980957628897
2024-07-20 09:00:00,92.0299676814775
2024-07-20 10:00:00,92.65053155006714
2024-07-20 11:00:00,106.8380453739174
2024-07-20 12:00:00,109.14747513715237
2024-07-20 13:00:00,106.05206089041621
2024-07-20 14:00:00,114.53947828184096
2024-07-20 15:00:00,113.9567877051903
2024-07-20 16:00:00,115.18363560734966
2024-07-20 17:00:00,116.1783022768117
2024-07-20 18:00:00,115.5574632738076
2024-07-20 19:00:00,82.13768326213227
2024-07-20 20:00:00,82.73944324775384
2024-07-20 21:00:00,69.0411601667727
2024-07-20 22:00:00,67.52377148385851
2024-07-20 23:00:00,77.24127647473438
2024-07-21 00:00:00,68.33654903484478
2024-07-21 01:00:00,72.87455439977316
2024-07-21 02:00:00,67.84320066814954
2024-07-21 03:00:00,69.67791410748674
2024-07-21 04:00:00,67.28706302102741
2024-07-21 05:00:00,66.86097157063423
2024-07-21 06:00:00,64.57694101227968
2024-07-21 07:00:00,69.11363009609082
2024-07-21 08:00:00,90.55673554055338
2024-07-21 09:00:00,96.24594463617535
2024-07-21 10:00:00,97.81982626667217
2024-07-21 11:00:00,100.94792129194633
2024-07-21 12:00:00,103.92656724916615
2024-07-21 13:00:00,111.36227349910493
2024-07-21 14:00:00,112.07804762685083
2024-07-21 15:00:00,118.99163281199833
2024-07-21 16:00:00,109.3822271841933
2024-07-21 17:00:00,114.22480346105911
2024-07-21 18:00:00,105.77002660343487
2024-07-21 19:00:00,77.8034244633453
2024-07-21 20:00:00,83.86448336180216
2024-07-21 21:00:00,76.68037219720054
2024-07-21 22:00:00,64.80194912518203
2024-07-21 23:00:00,61.86561203984663
2024-07-22 00:00:00,75.17735581079174
2024-07-22 01:00:00,87.28252246033682
2024-07-22 02:00:00,102.10207506123702
2024-07-22 03:00:00,92.17442135731824
2024-07-22 04:00:00,87.20213856975255
2024-07-22 05:00:00,92.32540104750153
2024-07-22 06:00:00,82.19520823502779
2024-07-22 07:00:00,88.51338318651182
2024-07-22 08:00:00,125.4973873650787
2024-07-22 09:00:00,124.56949674089476
2024-07-22 10:00:00,128.9540306084504
2024-07-22 11:00:00,134.48779748425588
2024-07-22 12:00:00,143.34163009053998
2024-07-22 13:00:00,142.77134202444262
2024-07-22 14:00:00,155.4698391555859
2024-07-22 15:00:00,162.122459526792
2024-07-22 16:00:00,150.14925240174293
2024-07-22 17:00:00,149.53929651009923
2024-07-22 18:00:00,157.65968379513433
2024-07-22 19:00:00,110.25648350212113
2024-07-22 20:00:00,112.01910696033278
2024-07-22 21:00:00,95.5518927936147
2024-07-22 22:00:00,97.27522788135356
2024-07-22 23:00:00,90.65742908402726
2024-07-23 00:00:00,91.29114411661348
2024-07-23 01:00:00,97.82359010834952
2024-07-23 02:00:00,88.19114761277915
2024-07-23 03:00:00,85.2943895203752
2024-07-23 04:00:00,87.75717895985822
2024-07-23 05:00:00,92.2616697532157
2024-07-23 06:00:00,82.17120463909743
2024-07-23 07:00:00,93.18735451325561
2024-07-23 08:00:00,122.30614341191128
2024-07-23 09:00:00,130.73906330366782
2024-07-23 10:00:00,113.02869847549763
2024-07-23 11:00:00,128.83174247755477
2024-07-23 12:00:00,131.5676592438295
2024-07-23 13:00:00,142.08205610377667
2024-07-23 14:00:00,152.2190916190779
2024-07-23 15:00:00,153.08164166142325
2024-07-23 16:00:00,153.73311215525993
2024-07-23 17:00:00,153.18185043177172
2024-07-23 18:00:00,151.99770331663288
2024-07-23 19:00:00,106.17052322588088
2024-07-23 20:00:00,108.53424820449526
2024-07-23 21:00:00,101.07790120500304
2024-07-23 22:00:00,91.92518968828051
2024-07-23 23:00:00,92.78266721375631
2024-07-24 00:00:00,91.4820900040433
2024-07-24 01:00:00,100.17536651365533
2024-07-24 02:00:00,89.56452914473745
2024-07-24 03:00:00,88.46458390832711
2024-07-24 04:00:00,86.23236209821312
2024-07-24 05:00:00,84.83868664711082
2024-07-24 06:00:00,83.77764106199463
2024-07-24 07:00:00,85.55601343384541
2024-07-24 08:00:00,124.64659809173965
2024-07-24 09:00:00,126.67147564248857
2024-07-24 10:00:00,125.25571029276081
2024-07-24 11:00:00,128.93689496592705
2024-07-24 12:00:00,144.50092282009982
2024-07-24 13:00:00,149.91026679710117
2024-07-24 14:00:00,150.1825205764231
2024-07-24 15:00:00,150.7131940653485
2024-07-24 16:00:00,157.742139604149
2024-07-24 17:00:00,154.91764272610257
2024-07-24 18:00:00,143.74012581645792
2024-07-24 19:00:00,110.8733021556744
2024-07-24 20:00:00,106.31017906037191
2024-07-24 21:00:00,93.26609742063685
2024-07-24 22:00:00,90.94921696418722
2024-07-24 23:00:00,82.72588757371105
2024-07-25 00:00:00,96.68093050006085
2024-07-25 01:00:00,96.23974992529716
2024-07-25 02:00:00,88.73741332848518
2024-07-25 03:00:00,91.81727168919537
2024-07-25 04:00:00,77.95039017100062
2024-07-25 05:00:00,84.21826169867333
2024-07-25 06:00:00,88.53110539923935
2024-07-25 07:00:00,84.6393348928657
2024-07-25 08:00:00,128.5719824131533
2024-07-25 09:00:00,134.98648265373998
2024-07-25 10:00:00,119.1169264028535
2024-07-25 11:00:00,128.57725433264966
2024-07-25 12:00:00,141.17724184154966
2024-07-25 13:00:00,154.26878417809453
2024-07-25 14:00:00,144.86889055083364
2024-07-25 15:00:00,155.22295540020676
2024-07-25 16:00:00,164.10649425406555
2024-07-25 17:00:00,145.7189790477757
2024-07-25 18:00:00,144.575416079304
2024-07-25 19:00:00,109.09517040329223
2024-07-25 20:00:00,102.39705793572294
2024-07-25 21:00:00,101.82757779184385
2024-07-25 22:00:00,91.2082985991042
2024-07-25 23:00:00,81.12518970178935
2024-07-26 00:00:00,92.57705201450405
2024-07-26 01:00:00,87.11230556322175
2024-07-26 02:00:00,96.3722360847062
2024-07-26 03:00:00,86.8620623178154
2024-07-26 04:00:00,86.81692358448882
2024-07-26 05:00:00,92.70565805402266
2024-07-26 06:00:00,93.81463241168468
2024-07-26 07:00:00,92.24049681968101
2024-07-26 08:00:00,116.57201341307596
2024-07-26 09:00:00,127.69017219964125
2024-07-26 10:00:00,119.82845974162801
2024-07-26 11:00:00,133.94095191101692
2024-07-26 12:00:00,132.8813278230047
2024-07-26 13:00:00,148.44481417331176
2024-07-26 14:00:00,146.9477675919963
2024-07-26 15:00:00,147.56460153736944
2024-07-26 16:00:00,158.569100682412
2024-07-26 17:00:00,155.1859973970558
2024-07-26 18:00:00,147.91087810656867
2024-07-26 19:00:00,118.46909768070175
2024-07-26 20:00:00,102.79673789215128
2024-07-26 21:00:00,97.9251097229303
2024-07-26 22:00:00,91.34456723839301
2024-07-26 23:00:00,86.90167032935693
2024-07-27 00:00:00,69.26676110024974
2024-07-27 01:00:00,65.49955369813229
2024-07-27 02:00:00,65.95635629168922
2024-07-27 03:00:00,72.60990989926253
2024-07-27 04:00:00,63.59780230307838
2024-07-27 05:00:00,58.45207375901441
2024-07-27 06:00:00,73.54101373129461
2024-07-27 07:00:00,77.05997982227626
2024-07-27 08:00:00,92.230240254565
2024-07-27 09:00:00,86.4868573476743
2024-07-27 10:00:00,92.58568508926521
2024-07-27 11:00:00,98.5000924529042
2024-07-27 12:00:00,104.28778559616654
2024-07-27 13:00:00,105.48469741949039
2024-07-27 14:00:00,115.40892586943667
2024-07-27 15:00:00,117.45023374882686
2024-07-27 16:00:00,110.64597892567761
2024-07-27 17:00:00,118.10531883535987
2024-07-27 18:00:00,120.93314026744696
2024-07-27 19:00:00,84.0547538233363
2024-07-27 20:00:00,77.4850306422431
2024-07-27 21:00:00,72.79091646077852
2024-07-27 22:00:00,69.80721287613211
2024-07-27 23:00:00,61.009981479347935
2024-07-28 00:00:00,68.11646513616489
2024-07-28 01:00:00,66.03576018951446
2024-07-28 02:00:00,74.42934379858517
2024-07-28 03:00:00,66.84685224823141
2024-07-28 04:00:00,73.7545785416982
2024-07-28 05:00:00,63.360972383317474
2024-07-28 06:00:00,69.70222187551047
2024-07-28 07:00:00,68.69775098921711
2024-07-28 08:00:00,90.49107282050707
2024-07-28 09:00:00,94.41523542988853
2024-07-28 10:00:00,98.2969456381185
2024-07-28 11:00:00,98.35920962373196
2024-07-28 12:00:00,98.6551400656134
2024-07-28 13:00:00,109.5940419774069
2024-07-28 14:00:00,109.85148497967796
2024-07-28 15:00:00,114.19955257151447
2024-07-28 16:00:00,115.9440458636808
2024-07-28 17:00:00,109.08713528144584
2024-07-28 18:00:00,107.17685281269732
2024-07-28 19:00:00,85.21765320991804
2024-07-28 20:00:00,76.7898048893637
2024-07-28 21:00:00,63.70563723297958
2024-07-28 22:00:00,70.4431651372805
2024-07-28 23:00:00,68.52138658227841
2024-07-29 00:00:00,86.43062587981758
2024-07-29 01:00:00,83.4158489447088
2024-07-29 02:00:00,94.17903948157169
2024-07-29 03:00:00,91.74675311280215
2024-07-29 04:00:00,101.91301141342036
2024-07-29 05:00:00,92.10094299362468
2024-07-29 06:00:00,91.93851570631007
2024-07-29 07:00:00,89.16536034945717
2024-07-29 08:00:00,129.08387933600395
2024-07-29 09:00:00,128.12542600624076
2024-07-29 10:00:00,131.25862504282597
2024-07-29 11:00:00,130.15795675988917
2024-07-29 12:00:00,137.8229626352802
2024-07-29 13:00:00,143.81768758103652
2024-07-29 14:00:00,154.93477071942812
2024-07-29 15:00:00,161.4696469901557
2024-07-29 16:00:00,152.7057975342535
2024-07-29 17:00:00,151.85390614970657
2024-07-29 18:00:00,152.55114823288216
2024-07-29 19:00:00,109.98439593553192
2024-07-29 20:00:00,109.76026826569945
2024-07-29 21:00:00,86.5056848999804
2024-07-29 22:00:00,85.86647476541553
2024-07-29 23:00:00,86.08791833019276
2024-07-30 00:00:00,78.39821993806927
2024-07-30 01:00:00,85.18180777815599
2024-07-30 02:00:00,85.42421942077037
2024-07-30 03:00:00,88.99447672740585
2024-07-30 04:00:00,95.56482945830132
2024-07-30 05:00:00,88.7746967440465
2024-07-30 06:00:00,84.84593139864423
2024-07-30 07:00:00,89.71522729393236
2024-07-30 08:00:00,130.24586810720675
2024-07-30 09:00:00,120.12020591942547
2024-07-30 10:00:00,120.44712558039275
2024-07-30 11:00:00,135.55731614944673
2024-07-30 12:00:00,138.892319421346
2024-07-30 13:00:00,149.4506268891438
2024-07-30 14:00:00,150.91252815455667
2024-07-30 15:00:00,157.48609302911987
2024-07-30 16:00:00,149.8246094297968
2024-07-30 17:00:00,153.9173515347307
2024-07-30 18:00:00,149.92731204171739
2024-07-30 19:00:00,105.13374881507578
2024-07-30 20:00:00,97.18261026065656
2024-07-30 21:00:00,101.19331652944894
2024-07-30 22:00:00,88.24523808891011
2024-07-30 23:00:00,84.88859859176335
